<?xml version="1.0" encoding="UTF-8"?>
<metadata xml:lang="en"><Esri><CreaDate>20190217</CreaDate><CreaTime>22231700</CreaTime><ArcGISFormat>1.0</ArcGISFormat><SyncOnce>TRUE</SyncOnce><DataProperties><lineage><Process Name="Observer Points" ToolSource="c:\program files (x86)\arcgis\desktop10.5\ArcToolbox\Toolboxes\Spatial Analyst Tools.tbx\ObserverPoints" Date="20190217" Time="222317">ObserverPoints SA_DEM Lookouts2019 C:\Users\test\Documents\Lab3\data\viewshed 1 FLAT_EARTH 0.13 #</Process></lineage></DataProperties></Esri></metadata>
