<?xml version="1.0" encoding="UTF-8"?>
<metadata xml:lang="en"><Esri><CreaDate>20190217</CreaDate><CreaTime>22222200</CreaTime><ArcGISFormat>1.0</ArcGISFormat><SyncOnce>TRUE</SyncOnce><DataProperties><lineage><Process Name="Reclassify (2)" ToolSource="c:\program files (x86)\arcgis\desktop10.5\ArcToolbox\Toolboxes\Spatial Analyst Tools.tbx\Reclassify" Date="20190217" Time="222222">Reclassify SA_VEG LCNAME "Water 400;'Recreation - Developed Open Space' 0;'Low Density Residential' 30;'Developed, Medium Intensity' 0;Pasture/Hay 0;'Cultivated Crops' 0;'Rock or Lava' 10;'Perennial Ice/Snow' 20;'Emergent Herbaceous Freshwater Wetlands' 20;'Deciduous Forest' 20;'Evergreen Forest' 20;'Mixed Forest' 30;'Perennial Grasslands/Herbaceous' 0;'Short Shrubland' 14;'Tall Shrubland' 10;'Shrub Steppe' 20;Burn 0;'Transitional Forest' 20;'Riparian Forest or Tall Shrubland' 30;'Palustrine Forested Wetland' 50;Wetlands 90" C:\Users\test\Documents\Lab3\data\Reclass_SA_V1 DATA</Process></lineage></DataProperties></Esri></metadata>
