<PAMDataset>
  <SRS>PROJCS["NAD_1983_2011_Oregon_Statewide_Lambert_Ft_Intl",GEOGCS["GCS_NAD_1983_2011",DATUM["NAD_1983_2011",SPHEROID["GRS_1980",6378137.0,298.257222101,AUTHORITY["EPSG","7019"]],AUTHORITY["EPSG","1116"]],PRIMEM["Greenwich",0.0,AUTHORITY["EPSG","8901"]],UNIT["Degree",0.0174532925199433,AUTHORITY["EPSG","9102"]],AUTHORITY["EPSG","6318"]],PROJECTION["Lambert_Conformal_Conic_2SP",AUTHORITY["Esri","43020"]],PARAMETER["False_Easting",1312335.958005249,AUTHORITY["Esri","100001"]],PARAMETER["False_Northing",0.0,AUTHORITY["Esri","100002"]],PARAMETER["Central_Meridian",-120.5,AUTHORITY["Esri","100010"]],PARAMETER["Standard_Parallel_1",43.0,AUTHORITY["Esri","100025"]],PARAMETER["Standard_Parallel_2",45.5,AUTHORITY["Esri","100026"]],PARAMETER["Latitude_Of_Origin",41.75,AUTHORITY["Esri","100021"]],UNIT["Foot",0.3048,AUTHORITY["EPSG","9002"]],AUTHORITY["EPSG","6557"]]</SRS>
  <PAMRasterBand band="1">
    <Description>cost_distance</Description>
    <Metadata>
      <MDI key="STATISTICS_SKIPFACTORX">1</MDI>
      <MDI key="STATISTICS_SKIPFACTORY">1</MDI>
    </Metadata>
  </PAMRasterBand>
</PAMDataset>
