<?xml version="1.0" encoding="UTF-8"?>
<metadata xml:lang="en"><Esri><CreaDate>20190217</CreaDate><CreaTime>22225900</CreaTime><ArcGISFormat>1.0</ArcGISFormat><SyncOnce>TRUE</SyncOnce><DataProperties><lineage><Process Name="Raster to Polyline" ToolSource="c:\program files (x86)\arcgis\desktop10.5\ArcToolbox\Toolboxes\Conversion Tools.tbx\RasterToPolyline" Date="20190217" Time="222259">RasterToPolyline C:\Users\test\Documents\Lab3\data\cost_path2 C:\Users\test\Documents\Lab3\data\cost_path_line.shp ZERO 0 SIMPLIFY VALUE</Process></lineage></DataProperties></Esri></metadata>
