<?xml version="1.0" encoding="UTF-8"?>
<metadata xml:lang="en"><Esri><CreaDate>20190217</CreaDate><CreaTime>22222500</CreaTime><ArcGISFormat>1.0</ArcGISFormat><SyncOnce>TRUE</SyncOnce><DataProperties><lineage><Process Name="Plus" ToolSource="c:\program files (x86)\arcgis\desktop10.5\ArcToolbox\Toolboxes\Spatial Analyst Tools.tbx\Plus" Date="20190217" Time="222225">Plus C:\Users\test\Documents\Lab3\data\Reclass_Slop1 C:\Users\test\Documents\Lab3\data\Reclass_SA_V1 C:\Users\test\Documents\Lab3\data\Cost_Surface</Process></lineage></DataProperties></Esri></metadata>
