<?xml version="1.0" encoding="UTF-8"?>
<metadata xml:lang="en"><Esri><CreaDate>20190217</CreaDate><CreaTime>22222000</CreaTime><ArcGISFormat>1.0</ArcGISFormat><SyncOnce>TRUE</SyncOnce><DataProperties><lineage><Process Name="Reclassify" ToolSource="c:\program files (x86)\arcgis\desktop10.5\ArcToolbox\Toolboxes\Spatial Analyst Tools.tbx\Reclassify" Date="20190217" Time="222220">Reclassify C:\Users\test\Documents\Lab3\data\Slope_SA_DEM1 VALUE "0 1 7;1 5 7;5 10 9;10 15 13;15 20 18;20 25 25;25 30 36;30 40 53" C:\Users\test\Documents\Lab3\data\Reclass_Slop1 DATA</Process></lineage></DataProperties></Esri></metadata>
