<?xml version="1.0" encoding="UTF-8"?>
<metadata xml:lang="en"><Esri><CreaDate>20190217</CreaDate><CreaTime>22225800</CreaTime><ArcGISFormat>1.0</ArcGISFormat><SyncOnce>TRUE</SyncOnce><DataProperties><lineage><Process Name="Cost Path" ToolSource="c:\program files (x86)\arcgis\desktop10.5\ArcToolbox\Toolboxes\Spatial Analyst Tools.tbx\CostPath" Date="20190217" Time="222258">CostPath Nash_Lake C:\Users\test\Documents\Lab3\data\cost_distance C:\Users\test\Documents\Lab3\data\CD_Backlink C:\Users\test\Documents\Lab3\data\cost_path2 BEST_SINGLE OBJECTID</Process></lineage></DataProperties></Esri></metadata>
