<?xml version="1.0" encoding="UTF-8"?>
<metadata xml:lang="en"><Esri><CreaDate>20190217</CreaDate><CreaTime>22225600</CreaTime><ArcGISFormat>1.0</ArcGISFormat><SyncOnce>TRUE</SyncOnce><DataProperties><lineage><Process Name="Cost Distance" ToolSource="c:\program files (x86)\arcgis\desktop10.5\ArcToolbox\Toolboxes\Spatial Analyst Tools.tbx\CostDistance" Date="20190217" Time="222256">CostDistance "Last Reported Location" C:\Users\test\Documents\Lab3\data\cs_proj C:\Users\test\Documents\Lab3\data\cost_distance # C:\Users\test\Documents\Lab3\data\CD_Backlink # # # # #</Process></lineage></DataProperties></Esri></metadata>
